model,mode,degradation_pct,label,class_name,precision,recall,f1
baseline,mask,0,0,Shifu,1.0000,1.0000,1.0000
baseline,mask,0,1,Geodo,0.8873,0.9920,0.9367
baseline,mask,0,2,BitTorrent,1.0000,1.0000,1.0000
baseline,mask,0,3,Gmail,1.0000,1.0000,1.0000
baseline,mask,0,4,Neris,0.9256,0.8960,0.9106
baseline,mask,0,5,SMB,1.0000,1.0000,1.0000
baseline,mask,0,6,Nsis-ay,0.9980,0.9800,0.9889
baseline,mask,0,7,Cridex,0.9978,0.8940,0.9430
baseline,mask,0,8,Zeus,0.9980,0.9960,0.9970
baseline,mask,0,9,Miuref,0.8876,0.8840,0.8858
baseline,mask,0,10,MySQL,1.0000,1.0000,1.0000
baseline,mask,0,11,Virut,0.8627,0.9300,0.8951
baseline,mask,0,12,Weibo,1.0000,1.0000,1.0000
baseline,mask,0,13,WorldOfWarcraft,1.0000,1.0000,1.0000
baseline,mask,0,14,Outlook,1.0000,1.0000,1.0000
baseline,mask,0,15,Facetime,1.0000,1.0000,1.0000
baseline,mask,0,16,Tinba,0.9980,0.9940,0.9960
baseline,mask,0,17,FTP,1.0000,1.0000,1.0000
baseline,mask,0,18,Htbot,0.9773,0.9460,0.9614
baseline,mask,0,19,Skype,1.0000,1.0000,1.0000
baseline,mask,25,0,Shifu,0.9940,0.9860,0.9900
baseline,mask,25,1,Geodo,0.9899,0.5880,0.7378
baseline,mask,25,2,BitTorrent,0.9708,0.9960,0.9832
baseline,mask,25,3,Gmail,0.9960,1.0000,0.9980
baseline,mask,25,4,Neris,0.9235,0.6760,0.7806
baseline,mask,25,5,SMB,0.9421,0.9120,0.9268
baseline,mask,25,6,Nsis-ay,0.7163,0.9240,0.8070
baseline,mask,25,7,Cridex,0.9975,0.8140,0.8965
baseline,mask,25,8,Zeus,0.9855,0.6820,0.8061
baseline,mask,25,9,Miuref,0.8744,0.7380,0.8004
baseline,mask,25,10,MySQL,1.0000,0.9380,0.9680
baseline,mask,25,11,Virut,0.3380,0.9220,0.4946
baseline,mask,25,12,Weibo,0.9366,0.9460,0.9413
baseline,mask,25,13,WorldOfWarcraft,0.9901,0.9960,0.9930
baseline,mask,25,14,Outlook,1.0000,0.9980,0.9990
baseline,mask,25,15,Facetime,0.9973,0.7380,0.8483
baseline,mask,25,16,Tinba,1.0000,0.8520,0.9201
baseline,mask,25,17,FTP,0.9839,0.9800,0.9820
baseline,mask,25,18,Htbot,0.8641,0.6740,0.7573
baseline,mask,25,19,Skype,1.0000,0.9940,0.9970
baseline,mask,50,0,Shifu,0.9979,0.9500,0.9734
baseline,mask,50,1,Geodo,0.9856,0.5460,0.7027
baseline,mask,50,2,BitTorrent,0.9687,0.5580,0.7081
baseline,mask,50,3,Gmail,0.8907,0.9940,0.9395
baseline,mask,50,4,Neris,0.7435,0.6260,0.6797
baseline,mask,50,5,SMB,0.7863,0.2060,0.3265
baseline,mask,50,6,Nsis-ay,0.1939,0.8500,0.3158
baseline,mask,50,7,Cridex,1.0000,0.3760,0.5465
baseline,mask,50,8,Zeus,0.9914,0.4620,0.6303
baseline,mask,50,9,Miuref,0.8188,0.5060,0.6255
baseline,mask,50,10,MySQL,0.9858,0.6920,0.8132
baseline,mask,50,11,Virut,0.2373,0.8400,0.3700
baseline,mask,50,12,Weibo,0.4275,0.4360,0.4317
baseline,mask,50,13,WorldOfWarcraft,0.9163,0.4820,0.6317
baseline,mask,50,14,Outlook,0.8530,0.7080,0.7738
baseline,mask,50,15,Facetime,1.0000,0.2860,0.4448
baseline,mask,50,16,Tinba,0.9980,0.9860,0.9920
baseline,mask,50,17,FTP,0.9738,0.5940,0.7379
baseline,mask,50,18,Htbot,0.7045,0.4100,0.5183
baseline,mask,50,19,Skype,1.0000,0.7700,0.8701
baseline,mask,75,0,Shifu,0.9878,0.8100,0.8901
baseline,mask,75,1,Geodo,1.0000,0.4440,0.6150
baseline,mask,75,2,BitTorrent,1.0000,0.0040,0.0080
baseline,mask,75,3,Gmail,0.9305,0.6160,0.7413
baseline,mask,75,4,Neris,0.8309,0.5600,0.6691
baseline,mask,75,5,SMB,0.2000,0.0020,0.0040
baseline,mask,75,6,Nsis-ay,0.1860,0.8240,0.3035
baseline,mask,75,7,Cridex,0.9516,0.1180,0.2100
baseline,mask,75,8,Zeus,1.0000,0.1420,0.2487
baseline,mask,75,9,Miuref,0.8240,0.4400,0.5737
baseline,mask,75,10,MySQL,1.0000,0.1880,0.3165
baseline,mask,75,11,Virut,0.0865,0.8400,0.1569
baseline,mask,75,12,Weibo,0.3208,0.0340,0.0615
baseline,mask,75,13,WorldOfWarcraft,0.0625,0.0020,0.0039
baseline,mask,75,14,Outlook,0.4400,0.0220,0.0419
baseline,mask,75,15,Facetime,1.0000,0.2720,0.4277
baseline,mask,75,16,Tinba,1.0000,0.9480,0.9733
baseline,mask,75,17,FTP,1.0000,0.1140,0.2047
baseline,mask,75,18,Htbot,0.3144,0.1880,0.2353
baseline,mask,75,19,Skype,1.0000,0.1420,0.2487
baseline,mask,100,0,Shifu,1.0000,0.6800,0.8095
baseline,mask,100,1,Geodo,1.0000,0.4800,0.6486
baseline,mask,100,2,BitTorrent,1.0000,0.3220,0.4871
baseline,mask,100,3,Gmail,0.7202,0.9320,0.8126
baseline,mask,100,4,Neris,0.9901,0.6000,0.7472
baseline,mask,100,5,SMB,1.0000,0.0180,0.0354
baseline,mask,100,6,Nsis-ay,0.3189,0.8820,0.4684
baseline,mask,100,7,Cridex,1.0000,0.0020,0.0040
baseline,mask,100,8,Zeus,1.0000,0.3140,0.4779
baseline,mask,100,9,Miuref,0.7882,0.4020,0.5325
baseline,mask,100,10,MySQL,1.0000,0.5340,0.6962
baseline,mask,100,11,Virut,0.1114,0.8900,0.1981
baseline,mask,100,12,Weibo,0.1481,0.0480,0.0725
baseline,mask,100,13,WorldOfWarcraft,1.0000,0.0060,0.0119
baseline,mask,100,14,Outlook,0.8503,0.9880,0.9140
baseline,mask,100,15,Facetime,1.0000,0.2480,0.3974
baseline,mask,100,16,Tinba,1.0000,0.9880,0.9940
baseline,mask,100,17,FTP,1.0000,0.7220,0.8386
baseline,mask,100,18,Htbot,0.6350,0.2540,0.3629
baseline,mask,100,19,Skype,0.9969,0.6360,0.7766
baseline,random,0,0,Shifu,1.0000,1.0000,1.0000
baseline,random,0,1,Geodo,0.8873,0.9920,0.9367
baseline,random,0,2,BitTorrent,1.0000,1.0000,1.0000
baseline,random,0,3,Gmail,1.0000,1.0000,1.0000
baseline,random,0,4,Neris,0.9256,0.8960,0.9106
baseline,random,0,5,SMB,1.0000,1.0000,1.0000
baseline,random,0,6,Nsis-ay,0.9980,0.9800,0.9889
baseline,random,0,7,Cridex,0.9978,0.8940,0.9430
baseline,random,0,8,Zeus,0.9980,0.9960,0.9970
baseline,random,0,9,Miuref,0.8876,0.8840,0.8858
baseline,random,0,10,MySQL,1.0000,1.0000,1.0000
baseline,random,0,11,Virut,0.8627,0.9300,0.8951
baseline,random,0,12,Weibo,1.0000,1.0000,1.0000
baseline,random,0,13,WorldOfWarcraft,1.0000,1.0000,1.0000
baseline,random,0,14,Outlook,1.0000,1.0000,1.0000
baseline,random,0,15,Facetime,1.0000,1.0000,1.0000
baseline,random,0,16,Tinba,0.9980,0.9940,0.9960
baseline,random,0,17,FTP,1.0000,1.0000,1.0000
baseline,random,0,18,Htbot,0.9773,0.9460,0.9614
baseline,random,0,19,Skype,1.0000,1.0000,1.0000
baseline,random,25,0,Shifu,0.9980,1.0000,0.9990
baseline,random,25,1,Geodo,0.9937,0.6260,0.7681
baseline,random,25,2,BitTorrent,1.0000,1.0000,1.0000
baseline,random,25,3,Gmail,1.0000,1.0000,1.0000
baseline,random,25,4,Neris,0.9095,0.8440,0.8755
baseline,random,25,5,SMB,0.9803,0.9940,0.9871
baseline,random,25,6,Nsis-ay,0.6754,0.9780,0.7990
baseline,random,25,7,Cridex,1.0000,0.8860,0.9396
baseline,random,25,8,Zeus,0.8737,0.8300,0.8513
baseline,random,25,9,Miuref,0.8719,0.7620,0.8132
baseline,random,25,10,MySQL,1.0000,1.0000,1.0000
baseline,random,25,11,Virut,0.6280,0.8980,0.7391
baseline,random,25,12,Weibo,0.9939,0.9780,0.9859
baseline,random,25,13,WorldOfWarcraft,1.0000,1.0000,1.0000
baseline,random,25,14,Outlook,0.9980,1.0000,0.9990
baseline,random,25,15,Facetime,0.9980,1.0000,0.9990
baseline,random,25,16,Tinba,0.9980,0.9940,0.9960
baseline,random,25,17,FTP,1.0000,1.0000,1.0000
baseline,random,25,18,Htbot,0.9719,0.8300,0.8954
baseline,random,25,19,Skype,1.0000,1.0000,1.0000
baseline,random,50,0,Shifu,0.9980,1.0000,0.9990
baseline,random,50,1,Geodo,0.9968,0.6160,0.7614
baseline,random,50,2,BitTorrent,0.9980,1.0000,0.9990
baseline,random,50,3,Gmail,0.9960,1.0000,0.9980
baseline,random,50,4,Neris,0.8739,0.7900,0.8298
baseline,random,50,5,SMB,0.9778,0.9700,0.9739
baseline,random,50,6,Nsis-ay,0.5997,0.9440,0.7335
baseline,random,50,7,Cridex,0.9977,0.8580,0.9226
baseline,random,50,8,Zeus,0.8411,0.7620,0.7996
baseline,random,50,9,Miuref,0.8773,0.7580,0.8133
baseline,random,50,10,MySQL,1.0000,1.0000,1.0000
baseline,random,50,11,Virut,0.5508,0.8680,0.6739
baseline,random,50,12,Weibo,0.9721,0.9760,0.9741
baseline,random,50,13,WorldOfWarcraft,1.0000,1.0000,1.0000
baseline,random,50,14,Outlook,1.0000,1.0000,1.0000
baseline,random,50,15,Facetime,0.9960,1.0000,0.9980
baseline,random,50,16,Tinba,0.9980,0.9940,0.9960
baseline,random,50,17,FTP,0.9980,0.9980,0.9980
baseline,random,50,18,Htbot,0.9568,0.6640,0.7839
baseline,random,50,19,Skype,1.0000,1.0000,1.0000
baseline,random,75,0,Shifu,0.9960,1.0000,0.9980
baseline,random,75,1,Geodo,0.9968,0.6140,0.7599
baseline,random,75,2,BitTorrent,0.9881,1.0000,0.9940
baseline,random,75,3,Gmail,0.9653,1.0000,0.9823
baseline,random,75,4,Neris,0.8348,0.7380,0.7834
baseline,random,75,5,SMB,0.9691,0.8780,0.9213
baseline,random,75,6,Nsis-ay,0.5086,0.9460,0.6615
baseline,random,75,7,Cridex,1.0000,0.7640,0.8662
baseline,random,75,8,Zeus,0.8712,0.7440,0.8026
baseline,random,75,9,Miuref,0.8681,0.7500,0.8047
baseline,random,75,10,MySQL,1.0000,0.9960,0.9980
baseline,random,75,11,Virut,0.4793,0.7860,0.5955
baseline,random,75,12,Weibo,0.9054,0.9380,0.9214
baseline,random,75,13,WorldOfWarcraft,1.0000,1.0000,1.0000
baseline,random,75,14,Outlook,1.0000,1.0000,1.0000
baseline,random,75,15,Facetime,0.9901,1.0000,0.9950
baseline,random,75,16,Tinba,0.9980,0.9940,0.9960
baseline,random,75,17,FTP,0.9823,1.0000,0.9911
baseline,random,75,18,Htbot,0.9563,0.4820,0.6410
baseline,random,75,19,Skype,1.0000,1.0000,1.0000
baseline,random,100,0,Shifu,0.9960,0.9960,0.9960
baseline,random,100,1,Geodo,0.9967,0.6060,0.7537
baseline,random,100,2,BitTorrent,0.9709,1.0000,0.9852
baseline,random,100,3,Gmail,0.9225,1.0000,0.9597
baseline,random,100,4,Neris,0.7775,0.7200,0.7477
baseline,random,100,5,SMB,0.9945,0.7260,0.8393
baseline,random,100,6,Nsis-ay,0.4315,0.8940,0.5820
baseline,random,100,7,Cridex,1.0000,0.6500,0.7879
baseline,random,100,8,Zeus,0.8744,0.6960,0.7751
baseline,random,100,9,Miuref,0.8730,0.7560,0.8103
baseline,random,100,10,MySQL,1.0000,0.9940,0.9970
baseline,random,100,11,Virut,0.4105,0.7020,0.5181
baseline,random,100,12,Weibo,0.7955,0.9100,0.8489
baseline,random,100,13,WorldOfWarcraft,1.0000,1.0000,1.0000
baseline,random,100,14,Outlook,1.0000,1.0000,1.0000
baseline,random,100,15,Facetime,1.0000,0.9980,0.9990
baseline,random,100,16,Tinba,0.9980,0.9940,0.9960
baseline,random,100,17,FTP,0.9766,1.0000,0.9881
baseline,random,100,18,Htbot,0.9731,0.3620,0.5277
baseline,random,100,19,Skype,1.0000,1.0000,1.0000
baseline,zero,0,0,Shifu,1.0000,1.0000,1.0000
baseline,zero,0,1,Geodo,0.8873,0.9920,0.9367
baseline,zero,0,2,BitTorrent,1.0000,1.0000,1.0000
baseline,zero,0,3,Gmail,1.0000,1.0000,1.0000
baseline,zero,0,4,Neris,0.9256,0.8960,0.9106
baseline,zero,0,5,SMB,1.0000,1.0000,1.0000
baseline,zero,0,6,Nsis-ay,0.9980,0.9800,0.9889
baseline,zero,0,7,Cridex,0.9978,0.8940,0.9430
baseline,zero,0,8,Zeus,0.9980,0.9960,0.9970
baseline,zero,0,9,Miuref,0.8876,0.8840,0.8858
baseline,zero,0,10,MySQL,1.0000,1.0000,1.0000
baseline,zero,0,11,Virut,0.8627,0.9300,0.8951
baseline,zero,0,12,Weibo,1.0000,1.0000,1.0000
baseline,zero,0,13,WorldOfWarcraft,1.0000,1.0000,1.0000
baseline,zero,0,14,Outlook,1.0000,1.0000,1.0000
baseline,zero,0,15,Facetime,1.0000,1.0000,1.0000
baseline,zero,0,16,Tinba,0.9980,0.9940,0.9960
baseline,zero,0,17,FTP,1.0000,1.0000,1.0000
baseline,zero,0,18,Htbot,0.9773,0.9460,0.9614
baseline,zero,0,19,Skype,1.0000,1.0000,1.0000
baseline,zero,25,0,Shifu,0.9980,1.0000,0.9990
baseline,zero,25,1,Geodo,0.9968,0.6220,0.7660
baseline,zero,25,2,BitTorrent,1.0000,1.0000,1.0000
baseline,zero,25,3,Gmail,1.0000,1.0000,1.0000
baseline,zero,25,4,Neris,0.8760,0.8620,0.8690
baseline,zero,25,5,SMB,0.9901,0.9980,0.9940
baseline,zero,25,6,Nsis-ay,0.9387,0.9800,0.9589
baseline,zero,25,7,Cridex,1.0000,0.8740,0.9328
baseline,zero,25,8,Zeus,0.6067,0.9720,0.7471
baseline,zero,25,9,Miuref,0.8699,0.7620,0.8124
baseline,zero,25,10,MySQL,1.0000,1.0000,1.0000
baseline,zero,25,11,Virut,0.8132,0.8620,0.8369
baseline,zero,25,12,Weibo,0.9960,0.9920,0.9940
baseline,zero,25,13,WorldOfWarcraft,1.0000,1.0000,1.0000
baseline,zero,25,14,Outlook,1.0000,1.0000,1.0000
baseline,zero,25,15,Facetime,1.0000,1.0000,1.0000
baseline,zero,25,16,Tinba,0.9980,0.9940,0.9960
baseline,zero,25,17,FTP,1.0000,1.0000,1.0000
baseline,zero,25,18,Htbot,0.9529,0.8900,0.9204
baseline,zero,25,19,Skype,1.0000,1.0000,1.0000
baseline,zero,50,0,Shifu,0.9921,1.0000,0.9960
baseline,zero,50,1,Geodo,0.9967,0.6120,0.7584
baseline,zero,50,2,BitTorrent,0.9960,1.0000,0.9980
baseline,zero,50,3,Gmail,1.0000,1.0000,1.0000
baseline,zero,50,4,Neris,0.8313,0.8280,0.8297
baseline,zero,50,5,SMB,1.0000,0.9940,0.9970
baseline,zero,50,6,Nsis-ay,0.7345,0.9740,0.8375
baseline,zero,50,7,Cridex,1.0000,0.8580,0.9236
baseline,zero,50,8,Zeus,0.5923,0.9180,0.7200
baseline,zero,50,9,Miuref,0.8736,0.7600,0.8128
baseline,zero,50,10,MySQL,1.0000,1.0000,1.0000
baseline,zero,50,11,Virut,0.7616,0.6900,0.7240
baseline,zero,50,12,Weibo,0.9960,1.0000,0.9980
baseline,zero,50,13,WorldOfWarcraft,1.0000,1.0000,1.0000
baseline,zero,50,14,Outlook,0.9960,1.0000,0.9980
baseline,zero,50,15,Facetime,1.0000,1.0000,1.0000
baseline,zero,50,16,Tinba,0.9980,0.9940,0.9960
baseline,zero,50,17,FTP,1.0000,1.0000,1.0000
baseline,zero,50,18,Htbot,0.8920,0.7760,0.8299
baseline,zero,50,19,Skype,1.0000,1.0000,1.0000
baseline,zero,75,0,Shifu,0.9921,1.0000,0.9960
baseline,zero,75,1,Geodo,0.9967,0.6120,0.7584
baseline,zero,75,2,BitTorrent,0.9901,1.0000,0.9950
baseline,zero,75,3,Gmail,0.9980,1.0000,0.9990
baseline,zero,75,4,Neris,0.7443,0.7800,0.7617
baseline,zero,75,5,SMB,1.0000,0.9860,0.9930
baseline,zero,75,6,Nsis-ay,0.5606,0.9720,0.7110
baseline,zero,75,7,Cridex,1.0000,0.7800,0.8764
baseline,zero,75,8,Zeus,0.5829,0.8860,0.7032
baseline,zero,75,9,Miuref,0.8633,0.7580,0.8072
baseline,zero,75,10,MySQL,1.0000,1.0000,1.0000
baseline,zero,75,11,Virut,0.7258,0.5560,0.6297
baseline,zero,75,12,Weibo,0.9940,1.0000,0.9970
baseline,zero,75,13,WorldOfWarcraft,1.0000,1.0000,1.0000
baseline,zero,75,14,Outlook,0.9980,1.0000,0.9990
baseline,zero,75,15,Facetime,0.9980,1.0000,0.9990
baseline,zero,75,16,Tinba,0.9980,0.9940,0.9960
baseline,zero,75,17,FTP,0.9980,1.0000,0.9990
baseline,zero,75,18,Htbot,0.8916,0.5760,0.6999
baseline,zero,75,19,Skype,1.0000,1.0000,1.0000
baseline,zero,100,0,Shifu,0.9921,1.0000,0.9960
baseline,zero,100,1,Geodo,0.9967,0.6100,0.7568
baseline,zero,100,2,BitTorrent,0.9671,1.0000,0.9833
baseline,zero,100,3,Gmail,0.9980,1.0000,0.9990
baseline,zero,100,4,Neris,0.6649,0.7700,0.7136
baseline,zero,100,5,SMB,1.0000,0.9200,0.9583
baseline,zero,100,6,Nsis-ay,0.4510,0.9580,0.6133
baseline,zero,100,7,Cridex,1.0000,0.6460,0.7849
baseline,zero,100,8,Zeus,0.5768,0.8640,0.6918
baseline,zero,100,9,Miuref,0.8578,0.7600,0.8059
baseline,zero,100,10,MySQL,1.0000,1.0000,1.0000
baseline,zero,100,11,Virut,0.7435,0.4580,0.5668
baseline,zero,100,12,Weibo,0.9579,1.0000,0.9785
baseline,zero,100,13,WorldOfWarcraft,1.0000,1.0000,1.0000
baseline,zero,100,14,Outlook,0.9980,1.0000,0.9990
baseline,zero,100,15,Facetime,0.9881,1.0000,0.9940
baseline,zero,100,16,Tinba,1.0000,0.9940,0.9970
baseline,zero,100,17,FTP,0.9940,1.0000,0.9970
baseline,zero,100,18,Htbot,0.9589,0.4200,0.5841
baseline,zero,100,19,Skype,1.0000,1.0000,1.0000
ours_p50,mask,0,0,Shifu,0.9980,1.0000,0.9990
ours_p50,mask,0,1,Geodo,0.8806,0.9880,0.9312
ours_p50,mask,0,2,BitTorrent,1.0000,1.0000,1.0000
ours_p50,mask,0,3,Gmail,1.0000,1.0000,1.0000
ours_p50,mask,0,4,Neris,0.8891,0.8660,0.8774
ours_p50,mask,0,5,SMB,1.0000,1.0000,1.0000
ours_p50,mask,0,6,Nsis-ay,0.9880,0.9840,0.9860
ours_p50,mask,0,7,Cridex,0.9978,0.8940,0.9430
ours_p50,mask,0,8,Zeus,0.9980,0.9920,0.9950
ours_p50,mask,0,9,Miuref,0.8876,0.8840,0.8858
ours_p50,mask,0,10,MySQL,1.0000,1.0000,1.0000
ours_p50,mask,0,11,Virut,0.8142,0.8500,0.8317
ours_p50,mask,0,12,Weibo,1.0000,1.0000,1.0000
ours_p50,mask,0,13,WorldOfWarcraft,1.0000,1.0000,1.0000
ours_p50,mask,0,14,Outlook,1.0000,1.0000,1.0000
ours_p50,mask,0,15,Facetime,1.0000,1.0000,1.0000
ours_p50,mask,0,16,Tinba,1.0000,0.9940,0.9970
ours_p50,mask,0,17,FTP,1.0000,1.0000,1.0000
ours_p50,mask,0,18,Htbot,0.9267,0.9100,0.9183
ours_p50,mask,0,19,Skype,1.0000,1.0000,1.0000
ours_p50,mask,25,0,Shifu,0.9940,0.9880,0.9910
ours_p50,mask,25,1,Geodo,0.9742,0.6040,0.7457
ours_p50,mask,25,2,BitTorrent,1.0000,0.9840,0.9919
ours_p50,mask,25,3,Gmail,1.0000,1.0000,1.0000
ours_p50,mask,25,4,Neris,0.8602,0.8000,0.8290
ours_p50,mask,25,5,SMB,0.9765,0.9980,0.9871
ours_p50,mask,25,6,Nsis-ay,0.8996,0.9680,0.9326
ours_p50,mask,25,7,Cridex,0.9889,0.8940,0.9391
ours_p50,mask,25,8,Zeus,0.5953,0.9560,0.7337
ours_p50,mask,25,9,Miuref,0.8555,0.7460,0.7970
ours_p50,mask,25,10,MySQL,0.9980,0.9800,0.9889
ours_p50,mask,25,11,Virut,0.7189,0.7520,0.7351
ours_p50,mask,25,12,Weibo,1.0000,0.9980,0.9990
ours_p50,mask,25,13,WorldOfWarcraft,0.9901,1.0000,0.9950
ours_p50,mask,25,14,Outlook,0.9980,1.0000,0.9990
ours_p50,mask,25,15,Facetime,1.0000,0.9440,0.9712
ours_p50,mask,25,16,Tinba,1.0000,0.9940,0.9970
ours_p50,mask,25,17,FTP,1.0000,0.9940,0.9970
ours_p50,mask,25,18,Htbot,0.7515,0.7680,0.7596
ours_p50,mask,25,19,Skype,1.0000,1.0000,1.0000
ours_p50,mask,50,0,Shifu,0.9168,0.9040,0.9104
ours_p50,mask,50,1,Geodo,0.9450,0.5500,0.6953
ours_p50,mask,50,2,BitTorrent,0.9955,0.4380,0.6083
ours_p50,mask,50,3,Gmail,0.9866,0.7360,0.8431
ours_p50,mask,50,4,Neris,0.8405,0.7060,0.7674
ours_p50,mask,50,5,SMB,1.0000,0.1140,0.2047
ours_p50,mask,50,6,Nsis-ay,0.4247,0.8240,0.5605
ours_p50,mask,50,7,Cridex,0.9649,0.8800,0.9205
ours_p50,mask,50,8,Zeus,0.5679,0.8700,0.6872
ours_p50,mask,50,9,Miuref,0.8541,0.7140,0.7778
ours_p50,mask,50,10,MySQL,0.9850,0.6560,0.7875
ours_p50,mask,50,11,Virut,0.5760,0.6900,0.6278
ours_p50,mask,50,12,Weibo,0.3966,0.6940,0.5047
ours_p50,mask,50,13,WorldOfWarcraft,0.7564,0.8820,0.8144
ours_p50,mask,50,14,Outlook,0.6960,0.9660,0.8090
ours_p50,mask,50,15,Facetime,0.9973,0.7280,0.8416
ours_p50,mask,50,16,Tinba,0.9880,0.9900,0.9890
ours_p50,mask,50,17,FTP,1.0000,0.6840,0.8124
ours_p50,mask,50,18,Htbot,0.4281,0.7140,0.5352
ours_p50,mask,50,19,Skype,1.0000,0.8200,0.9011
ours_p50,mask,75,0,Shifu,0.7972,0.8020,0.7996
ours_p50,mask,75,1,Geodo,0.8979,0.5100,0.6505
ours_p50,mask,75,2,BitTorrent,0.9231,0.0240,0.0468
ours_p50,mask,75,3,Gmail,0.9892,0.1840,0.3103
ours_p50,mask,75,4,Neris,0.7310,0.6360,0.6802
ours_p50,mask,75,5,SMB,0.9900,0.1980,0.3300
ours_p50,mask,75,6,Nsis-ay,0.3234,0.7840,0.4579
ours_p50,mask,75,7,Cridex,0.9965,0.5620,0.7187
ours_p50,mask,75,8,Zeus,0.3976,0.7260,0.5138
ours_p50,mask,75,9,Miuref,0.8889,0.7040,0.7857
ours_p50,mask,75,10,MySQL,0.9702,0.7160,0.8239
ours_p50,mask,75,11,Virut,0.5049,0.6140,0.5542
ours_p50,mask,75,12,Weibo,0.2340,0.5400,0.3265
ours_p50,mask,75,13,WorldOfWarcraft,0.7344,0.7080,0.7210
ours_p50,mask,75,14,Outlook,0.9484,0.5880,0.7259
ours_p50,mask,75,15,Facetime,0.9940,0.6620,0.7947
ours_p50,mask,75,16,Tinba,0.9591,0.9840,0.9714
ours_p50,mask,75,17,FTP,0.9697,0.4480,0.6129
ours_p50,mask,75,18,Htbot,0.2094,0.6400,0.3156
ours_p50,mask,75,19,Skype,1.0000,0.4820,0.6505
ours_p50,mask,100,0,Shifu,1.0000,0.9760,0.9879
ours_p50,mask,100,1,Geodo,0.9024,0.5360,0.6725
ours_p50,mask,100,2,BitTorrent,1.0000,0.1640,0.2818
ours_p50,mask,100,3,Gmail,0.9951,0.4080,0.5787
ours_p50,mask,100,4,Neris,0.6553,0.6920,0.6732
ours_p50,mask,100,5,SMB,1.0000,0.3880,0.5591
ours_p50,mask,100,6,Nsis-ay,0.7927,0.9100,0.8473
ours_p50,mask,100,7,Cridex,0.9924,0.2600,0.4120
ours_p50,mask,100,8,Zeus,0.4916,0.7060,0.5796
ours_p50,mask,100,9,Miuref,0.8589,0.7060,0.7750
ours_p50,mask,100,10,MySQL,1.0000,0.6020,0.7516
ours_p50,mask,100,11,Virut,0.5970,0.6340,0.6149
ours_p50,mask,100,12,Weibo,0.3145,0.9920,0.4776
ours_p50,mask,100,13,WorldOfWarcraft,0.9591,0.9860,0.9724
ours_p50,mask,100,14,Outlook,0.5869,1.0000,0.7396
ours_p50,mask,100,15,Facetime,1.0000,0.9820,0.9909
ours_p50,mask,100,16,Tinba,1.0000,0.9900,0.9950
ours_p50,mask,100,17,FTP,1.0000,0.6780,0.8081
ours_p50,mask,100,18,Htbot,0.3995,0.7000,0.5087
ours_p50,mask,100,19,Skype,1.0000,0.7920,0.8839
ours_p50,random,0,0,Shifu,0.9980,1.0000,0.9990
ours_p50,random,0,1,Geodo,0.8806,0.9880,0.9312
ours_p50,random,0,2,BitTorrent,1.0000,1.0000,1.0000
ours_p50,random,0,3,Gmail,1.0000,1.0000,1.0000
ours_p50,random,0,4,Neris,0.8891,0.8660,0.8774
ours_p50,random,0,5,SMB,1.0000,1.0000,1.0000
ours_p50,random,0,6,Nsis-ay,0.9880,0.9840,0.9860
ours_p50,random,0,7,Cridex,0.9978,0.8940,0.9430
ours_p50,random,0,8,Zeus,0.9980,0.9920,0.9950
ours_p50,random,0,9,Miuref,0.8876,0.8840,0.8858
ours_p50,random,0,10,MySQL,1.0000,1.0000,1.0000
ours_p50,random,0,11,Virut,0.8142,0.8500,0.8317
ours_p50,random,0,12,Weibo,1.0000,1.0000,1.0000
ours_p50,random,0,13,WorldOfWarcraft,1.0000,1.0000,1.0000
ours_p50,random,0,14,Outlook,1.0000,1.0000,1.0000
ours_p50,random,0,15,Facetime,1.0000,1.0000,1.0000
ours_p50,random,0,16,Tinba,1.0000,0.9940,0.9970
ours_p50,random,0,17,FTP,1.0000,1.0000,1.0000
ours_p50,random,0,18,Htbot,0.9267,0.9100,0.9183
ours_p50,random,0,19,Skype,1.0000,1.0000,1.0000
ours_p50,random,25,0,Shifu,0.9980,1.0000,0.9990
ours_p50,random,25,1,Geodo,0.9127,0.6900,0.7859
ours_p50,random,25,2,BitTorrent,1.0000,1.0000,1.0000
ours_p50,random,25,3,Gmail,1.0000,1.0000,1.0000
ours_p50,random,25,4,Neris,0.8548,0.8480,0.8514
ours_p50,random,25,5,SMB,1.0000,1.0000,1.0000
ours_p50,random,25,6,Nsis-ay,0.8405,0.9800,0.9049
ours_p50,random,25,7,Cridex,1.0000,0.8940,0.9440
ours_p50,random,25,8,Zeus,0.7011,0.9240,0.7972
ours_p50,random,25,9,Miuref,0.8761,0.7640,0.8162
ours_p50,random,25,10,MySQL,1.0000,1.0000,1.0000
ours_p50,random,25,11,Virut,0.7623,0.8400,0.7992
ours_p50,random,25,12,Weibo,1.0000,1.0000,1.0000
ours_p50,random,25,13,WorldOfWarcraft,1.0000,1.0000,1.0000
ours_p50,random,25,14,Outlook,1.0000,1.0000,1.0000
ours_p50,random,25,15,Facetime,1.0000,1.0000,1.0000
ours_p50,random,25,16,Tinba,1.0000,0.9940,0.9970
ours_p50,random,25,17,FTP,1.0000,1.0000,1.0000
ours_p50,random,25,18,Htbot,0.9204,0.8320,0.8739
ours_p50,random,25,19,Skype,1.0000,1.0000,1.0000
ours_p50,random,50,0,Shifu,0.9980,1.0000,0.9990
ours_p50,random,50,1,Geodo,0.8680,0.6840,0.7651
ours_p50,random,50,2,BitTorrent,1.0000,1.0000,1.0000
ours_p50,random,50,3,Gmail,1.0000,1.0000,1.0000
ours_p50,random,50,4,Neris,0.8377,0.8260,0.8318
ours_p50,random,50,5,SMB,1.0000,1.0000,1.0000
ours_p50,random,50,6,Nsis-ay,0.8308,0.9820,0.9001
ours_p50,random,50,7,Cridex,0.9978,0.8940,0.9430
ours_p50,random,50,8,Zeus,0.6997,0.8900,0.7835
ours_p50,random,50,9,Miuref,0.8779,0.7620,0.8158
ours_p50,random,50,10,MySQL,1.0000,1.0000,1.0000
ours_p50,random,50,11,Virut,0.7153,0.8240,0.7658
ours_p50,random,50,12,Weibo,1.0000,1.0000,1.0000
ours_p50,random,50,13,WorldOfWarcraft,1.0000,1.0000,1.0000
ours_p50,random,50,14,Outlook,1.0000,1.0000,1.0000
ours_p50,random,50,15,Facetime,1.0000,1.0000,1.0000
ours_p50,random,50,16,Tinba,1.0000,0.9940,0.9970
ours_p50,random,50,17,FTP,1.0000,1.0000,1.0000
ours_p50,random,50,18,Htbot,0.8930,0.7680,0.8258
ours_p50,random,50,19,Skype,1.0000,1.0000,1.0000
ours_p50,random,75,0,Shifu,1.0000,1.0000,1.0000
ours_p50,random,75,1,Geodo,0.9137,0.6780,0.7784
ours_p50,random,75,2,BitTorrent,1.0000,1.0000,1.0000
ours_p50,random,75,3,Gmail,1.0000,1.0000,1.0000
ours_p50,random,75,4,Neris,0.8233,0.7920,0.8073
ours_p50,random,75,5,SMB,1.0000,1.0000,1.0000
ours_p50,random,75,6,Nsis-ay,0.7934,0.9600,0.8688
ours_p50,random,75,7,Cridex,0.9978,0.8940,0.9430
ours_p50,random,75,8,Zeus,0.6745,0.8660,0.7583
ours_p50,random,75,9,Miuref,0.8719,0.7620,0.8132
ours_p50,random,75,10,MySQL,1.0000,1.0000,1.0000
ours_p50,random,75,11,Virut,0.6318,0.7860,0.7005
ours_p50,random,75,12,Weibo,1.0000,1.0000,1.0000
ours_p50,random,75,13,WorldOfWarcraft,1.0000,1.0000,1.0000
ours_p50,random,75,14,Outlook,1.0000,1.0000,1.0000
ours_p50,random,75,15,Facetime,0.9960,1.0000,0.9980
ours_p50,random,75,16,Tinba,1.0000,0.9940,0.9970
ours_p50,random,75,17,FTP,1.0000,1.0000,1.0000
ours_p50,random,75,18,Htbot,0.8329,0.6580,0.7352
ours_p50,random,75,19,Skype,1.0000,1.0000,1.0000
ours_p50,random,100,0,Shifu,1.0000,1.0000,1.0000
ours_p50,random,100,1,Geodo,0.9222,0.6640,0.7721
ours_p50,random,100,2,BitTorrent,1.0000,1.0000,1.0000
ours_p50,random,100,3,Gmail,1.0000,1.0000,1.0000
ours_p50,random,100,4,Neris,0.8095,0.7820,0.7955
ours_p50,random,100,5,SMB,1.0000,1.0000,1.0000
ours_p50,random,100,6,Nsis-ay,0.7589,0.9380,0.8390
ours_p50,random,100,7,Cridex,0.9978,0.8940,0.9430
ours_p50,random,100,8,Zeus,0.6615,0.8520,0.7448
ours_p50,random,100,9,Miuref,0.8761,0.7640,0.8162
ours_p50,random,100,10,MySQL,1.0000,1.0000,1.0000
ours_p50,random,100,11,Virut,0.5664,0.7760,0.6549
ours_p50,random,100,12,Weibo,1.0000,1.0000,1.0000
ours_p50,random,100,13,WorldOfWarcraft,1.0000,1.0000,1.0000
ours_p50,random,100,14,Outlook,1.0000,1.0000,1.0000
ours_p50,random,100,15,Facetime,0.9960,1.0000,0.9980
ours_p50,random,100,16,Tinba,1.0000,0.9940,0.9970
ours_p50,random,100,17,FTP,1.0000,1.0000,1.0000
ours_p50,random,100,18,Htbot,0.8135,0.5320,0.6433
ours_p50,random,100,19,Skype,1.0000,1.0000,1.0000
ours_p50,zero,0,0,Shifu,0.9980,1.0000,0.9990
ours_p50,zero,0,1,Geodo,0.8806,0.9880,0.9312
ours_p50,zero,0,2,BitTorrent,1.0000,1.0000,1.0000
ours_p50,zero,0,3,Gmail,1.0000,1.0000,1.0000
ours_p50,zero,0,4,Neris,0.8891,0.8660,0.8774
ours_p50,zero,0,5,SMB,1.0000,1.0000,1.0000
ours_p50,zero,0,6,Nsis-ay,0.9880,0.9840,0.9860
ours_p50,zero,0,7,Cridex,0.9978,0.8940,0.9430
ours_p50,zero,0,8,Zeus,0.9980,0.9920,0.9950
ours_p50,zero,0,9,Miuref,0.8876,0.8840,0.8858
ours_p50,zero,0,10,MySQL,1.0000,1.0000,1.0000
ours_p50,zero,0,11,Virut,0.8142,0.8500,0.8317
ours_p50,zero,0,12,Weibo,1.0000,1.0000,1.0000
ours_p50,zero,0,13,WorldOfWarcraft,1.0000,1.0000,1.0000
ours_p50,zero,0,14,Outlook,1.0000,1.0000,1.0000
ours_p50,zero,0,15,Facetime,1.0000,1.0000,1.0000
ours_p50,zero,0,16,Tinba,1.0000,0.9940,0.9970
ours_p50,zero,0,17,FTP,1.0000,1.0000,1.0000
ours_p50,zero,0,18,Htbot,0.9267,0.9100,0.9183
ours_p50,zero,0,19,Skype,1.0000,1.0000,1.0000
ours_p50,zero,25,0,Shifu,0.9980,1.0000,0.9990
ours_p50,zero,25,1,Geodo,0.6791,0.9820,0.8029
ours_p50,zero,25,2,BitTorrent,1.0000,1.0000,1.0000
ours_p50,zero,25,3,Gmail,1.0000,1.0000,1.0000
ours_p50,zero,25,4,Neris,0.8913,0.8360,0.8627
ours_p50,zero,25,5,SMB,1.0000,1.0000,1.0000
ours_p50,zero,25,6,Nsis-ay,0.9840,0.9820,0.9830
ours_p50,zero,25,7,Cridex,0.9978,0.8940,0.9430
ours_p50,zero,25,8,Zeus,0.9950,0.8000,0.8869
ours_p50,zero,25,9,Miuref,0.8759,0.7620,0.8150
ours_p50,zero,25,10,MySQL,1.0000,1.0000,1.0000
ours_p50,zero,25,11,Virut,0.7561,0.8740,0.8108
ours_p50,zero,25,12,Weibo,1.0000,1.0000,1.0000
ours_p50,zero,25,13,WorldOfWarcraft,1.0000,1.0000,1.0000
ours_p50,zero,25,14,Outlook,1.0000,1.0000,1.0000
ours_p50,zero,25,15,Facetime,1.0000,1.0000,1.0000
ours_p50,zero,25,16,Tinba,1.0000,0.9940,0.9970
ours_p50,zero,25,17,FTP,1.0000,1.0000,1.0000
ours_p50,zero,25,18,Htbot,0.9241,0.8280,0.8734
ours_p50,zero,25,19,Skype,1.0000,1.0000,1.0000
ours_p50,zero,50,0,Shifu,0.9980,1.0000,0.9990
ours_p50,zero,50,1,Geodo,0.6801,0.9780,0.8023
ours_p50,zero,50,2,BitTorrent,1.0000,1.0000,1.0000
ours_p50,zero,50,3,Gmail,1.0000,1.0000,1.0000
ours_p50,zero,50,4,Neris,0.8859,0.7920,0.8363
ours_p50,zero,50,5,SMB,1.0000,1.0000,1.0000
ours_p50,zero,50,6,Nsis-ay,0.9661,0.9700,0.9681
ours_p50,zero,50,7,Cridex,0.9978,0.8940,0.9430
ours_p50,zero,50,8,Zeus,0.9974,0.7740,0.8716
ours_p50,zero,50,9,Miuref,0.8779,0.7620,0.8158
ours_p50,zero,50,10,MySQL,1.0000,1.0000,1.0000
ours_p50,zero,50,11,Virut,0.6615,0.8600,0.7478
ours_p50,zero,50,12,Weibo,1.0000,1.0000,1.0000
ours_p50,zero,50,13,WorldOfWarcraft,1.0000,1.0000,1.0000
ours_p50,zero,50,14,Outlook,1.0000,1.0000,1.0000
ours_p50,zero,50,15,Facetime,0.9980,1.0000,0.9990
ours_p50,zero,50,16,Tinba,1.0000,0.9940,0.9970
ours_p50,zero,50,17,FTP,1.0000,1.0000,1.0000
ours_p50,zero,50,18,Htbot,0.8886,0.7340,0.8039
ours_p50,zero,50,19,Skype,1.0000,1.0000,1.0000
ours_p50,zero,75,0,Shifu,1.0000,1.0000,1.0000
ours_p50,zero,75,1,Geodo,0.6783,0.9740,0.7997
ours_p50,zero,75,2,BitTorrent,1.0000,1.0000,1.0000
ours_p50,zero,75,3,Gmail,1.0000,1.0000,1.0000
ours_p50,zero,75,4,Neris,0.8894,0.7560,0.8173
ours_p50,zero,75,5,SMB,1.0000,1.0000,1.0000
ours_p50,zero,75,6,Nsis-ay,0.9308,0.9420,0.9364
ours_p50,zero,75,7,Cridex,1.0000,0.8940,0.9440
ours_p50,zero,75,8,Zeus,0.9894,0.7440,0.8493
ours_p50,zero,75,9,Miuref,0.8759,0.7620,0.8150
ours_p50,zero,75,10,MySQL,1.0000,1.0000,1.0000
ours_p50,zero,75,11,Virut,0.5917,0.8580,0.7004
ours_p50,zero,75,12,Weibo,1.0000,1.0000,1.0000
ours_p50,zero,75,13,WorldOfWarcraft,1.0000,1.0000,1.0000
ours_p50,zero,75,14,Outlook,1.0000,1.0000,1.0000
ours_p50,zero,75,15,Facetime,1.0000,1.0000,1.0000
ours_p50,zero,75,16,Tinba,1.0000,0.9940,0.9970
ours_p50,zero,75,17,FTP,1.0000,1.0000,1.0000
ours_p50,zero,75,18,Htbot,0.8464,0.6280,0.7210
ours_p50,zero,75,19,Skype,1.0000,1.0000,1.0000
ours_p50,zero,100,0,Shifu,0.9980,1.0000,0.9990
ours_p50,zero,100,1,Geodo,0.6774,0.9700,0.7977
ours_p50,zero,100,2,BitTorrent,1.0000,1.0000,1.0000
ours_p50,zero,100,3,Gmail,1.0000,1.0000,1.0000
ours_p50,zero,100,4,Neris,0.9010,0.7460,0.8162
ours_p50,zero,100,5,SMB,1.0000,1.0000,1.0000
ours_p50,zero,100,6,Nsis-ay,0.8859,0.9160,0.9007
ours_p50,zero,100,7,Cridex,1.0000,0.8940,0.9440
ours_p50,zero,100,8,Zeus,0.9916,0.7080,0.8261
ours_p50,zero,100,9,Miuref,0.8759,0.7620,0.8150
ours_p50,zero,100,10,MySQL,1.0000,1.0000,1.0000
ours_p50,zero,100,11,Virut,0.5302,0.8420,0.6507
ours_p50,zero,100,12,Weibo,1.0000,1.0000,1.0000
ours_p50,zero,100,13,WorldOfWarcraft,0.9980,1.0000,0.9990
ours_p50,zero,100,14,Outlook,1.0000,1.0000,1.0000
ours_p50,zero,100,15,Facetime,0.9980,1.0000,0.9990
ours_p50,zero,100,16,Tinba,1.0000,0.9940,0.9970
ours_p50,zero,100,17,FTP,1.0000,1.0000,1.0000
ours_p50,zero,100,18,Htbot,0.8125,0.5200,0.6341
ours_p50,zero,100,19,Skype,1.0000,1.0000,1.0000
ours_p70,mask,0,0,Shifu,0.9960,1.0000,0.9980
ours_p70,mask,0,1,Geodo,0.8809,0.9760,0.9260
ours_p70,mask,0,2,BitTorrent,1.0000,1.0000,1.0000
ours_p70,mask,0,3,Gmail,1.0000,1.0000,1.0000
ours_p70,mask,0,4,Neris,0.8650,0.8460,0.8554
ours_p70,mask,0,5,SMB,1.0000,1.0000,1.0000
ours_p70,mask,0,6,Nsis-ay,0.9979,0.9680,0.9827
ours_p70,mask,0,7,Cridex,0.9978,0.8940,0.9430
ours_p70,mask,0,8,Zeus,0.9920,0.9860,0.9890
ours_p70,mask,0,9,Miuref,0.8876,0.8840,0.8858
ours_p70,mask,0,10,MySQL,1.0000,1.0000,1.0000
ours_p70,mask,0,11,Virut,0.7762,0.7560,0.7660
ours_p70,mask,0,12,Weibo,0.9960,1.0000,0.9980
ours_p70,mask,0,13,WorldOfWarcraft,1.0000,1.0000,1.0000
ours_p70,mask,0,14,Outlook,1.0000,1.0000,1.0000
ours_p70,mask,0,15,Facetime,0.9980,1.0000,0.9990
ours_p70,mask,0,16,Tinba,1.0000,0.9940,0.9970
ours_p70,mask,0,17,FTP,1.0000,1.0000,1.0000
ours_p70,mask,0,18,Htbot,0.8241,0.8900,0.8558
ours_p70,mask,0,19,Skype,1.0000,1.0000,1.0000
ours_p70,mask,25,0,Shifu,0.9822,0.9960,0.9891
ours_p70,mask,25,1,Geodo,0.6638,0.9320,0.7754
ours_p70,mask,25,2,BitTorrent,1.0000,0.9820,0.9909
ours_p70,mask,25,3,Gmail,0.9940,1.0000,0.9970
ours_p70,mask,25,4,Neris,0.8075,0.7720,0.7894
ours_p70,mask,25,5,SMB,0.9979,0.9300,0.9627
ours_p70,mask,25,6,Nsis-ay,0.9525,0.8820,0.9159
ours_p70,mask,25,7,Cridex,0.9613,0.8940,0.9264
ours_p70,mask,25,8,Zeus,0.9726,0.6400,0.7720
ours_p70,mask,25,9,Miuref,0.8698,0.7480,0.8043
ours_p70,mask,25,10,MySQL,0.9980,0.9820,0.9899
ours_p70,mask,25,11,Virut,0.6680,0.6880,0.6778
ours_p70,mask,25,12,Weibo,0.9274,0.9960,0.9605
ours_p70,mask,25,13,WorldOfWarcraft,1.0000,0.9860,0.9930
ours_p70,mask,25,14,Outlook,0.9881,1.0000,0.9940
ours_p70,mask,25,15,Facetime,0.9979,0.9680,0.9827
ours_p70,mask,25,16,Tinba,0.9980,0.9940,0.9960
ours_p70,mask,25,17,FTP,1.0000,0.9960,0.9980
ours_p70,mask,25,18,Htbot,0.6138,0.7980,0.6939
ours_p70,mask,25,19,Skype,1.0000,0.9840,0.9919
ours_p70,mask,50,0,Shifu,0.9405,0.8540,0.8952
ours_p70,mask,50,1,Geodo,0.5633,0.6140,0.5876
ours_p70,mask,50,2,BitTorrent,0.9875,0.7880,0.8765
ours_p70,mask,50,3,Gmail,0.8026,1.0000,0.8905
ours_p70,mask,50,4,Neris,0.6822,0.7600,0.7190
ours_p70,mask,50,5,SMB,1.0000,0.8100,0.8950
ours_p70,mask,50,6,Nsis-ay,0.8091,0.5000,0.6180
ours_p70,mask,50,7,Cridex,0.9761,0.8980,0.9354
ours_p70,mask,50,8,Zeus,0.9651,0.7200,0.8247
ours_p70,mask,50,9,Miuref,0.8676,0.4980,0.6328
ours_p70,mask,50,10,MySQL,0.9938,0.9560,0.9745
ours_p70,mask,50,11,Virut,0.4961,0.6300,0.5551
ours_p70,mask,50,12,Weibo,0.8501,0.9980,0.9181
ours_p70,mask,50,13,WorldOfWarcraft,0.9936,0.9260,0.9586
ours_p70,mask,50,14,Outlook,0.9653,1.0000,0.9823
ours_p70,mask,50,15,Facetime,0.9980,0.9760,0.9869
ours_p70,mask,50,16,Tinba,1.0000,0.9900,0.9950
ours_p70,mask,50,17,FTP,1.0000,0.9980,0.9990
ours_p70,mask,50,18,Htbot,0.3952,0.7500,0.5176
ours_p70,mask,50,19,Skype,0.9979,0.9360,0.9659
ours_p70,mask,75,0,Shifu,0.7993,0.9480,0.8673
ours_p70,mask,75,1,Geodo,0.5945,0.7360,0.6577
ours_p70,mask,75,2,BitTorrent,1.0000,0.0780,0.1447
ours_p70,mask,75,3,Gmail,0.8925,0.9960,0.9414
ours_p70,mask,75,4,Neris,0.3657,0.7080,0.4823
ours_p70,mask,75,5,SMB,0.9917,0.2380,0.3839
ours_p70,mask,75,6,Nsis-ay,0.5813,0.6220,0.6010
ours_p70,mask,75,7,Cridex,0.9967,0.6000,0.7491
ours_p70,mask,75,8,Zeus,0.7549,0.5420,0.6310
ours_p70,mask,75,9,Miuref,0.9271,0.5340,0.6777
ours_p70,mask,75,10,MySQL,0.9799,0.6840,0.8057
ours_p70,mask,75,11,Virut,0.5636,0.5580,0.5608
ours_p70,mask,75,12,Weibo,0.4344,0.8680,0.5791
ours_p70,mask,75,13,WorldOfWarcraft,0.9301,0.3460,0.5044
ours_p70,mask,75,14,Outlook,0.6544,0.9920,0.7886
ours_p70,mask,75,15,Facetime,1.0000,0.0800,0.1481
ours_p70,mask,75,16,Tinba,0.9960,0.9880,0.9920
ours_p70,mask,75,17,FTP,0.9883,0.8460,0.9116
ours_p70,mask,75,18,Htbot,0.2380,0.7360,0.3597
ours_p70,mask,75,19,Skype,1.0000,0.6460,0.7849
ours_p70,mask,100,0,Shifu,0.9783,0.9940,0.9861
ours_p70,mask,100,1,Geodo,0.5837,0.8300,0.6854
ours_p70,mask,100,2,BitTorrent,1.0000,0.2740,0.4301
ours_p70,mask,100,3,Gmail,0.9420,0.9740,0.9577
ours_p70,mask,100,4,Neris,0.6184,0.7780,0.6891
ours_p70,mask,100,5,SMB,0.9976,0.8320,0.9073
ours_p70,mask,100,6,Nsis-ay,0.9279,0.8500,0.8873
ours_p70,mask,100,7,Cridex,1.0000,0.8300,0.9071
ours_p70,mask,100,8,Zeus,0.9220,0.5200,0.6650
ours_p70,mask,100,9,Miuref,0.8437,0.5940,0.6972
ours_p70,mask,100,10,MySQL,1.0000,0.8880,0.9407
ours_p70,mask,100,11,Virut,0.5553,0.5520,0.5537
ours_p70,mask,100,12,Weibo,0.4212,1.0000,0.5928
ours_p70,mask,100,13,WorldOfWarcraft,1.0000,0.6580,0.7937
ours_p70,mask,100,14,Outlook,0.9728,1.0000,0.9862
ours_p70,mask,100,15,Facetime,1.0000,0.9540,0.9765
ours_p70,mask,100,16,Tinba,0.9980,0.9900,0.9940
ours_p70,mask,100,17,FTP,1.0000,0.9960,0.9980
ours_p70,mask,100,18,Htbot,0.4671,0.6380,0.5393
ours_p70,mask,100,19,Skype,1.0000,0.8980,0.9463
ours_p70,random,0,0,Shifu,0.9960,1.0000,0.9980
ours_p70,random,0,1,Geodo,0.8809,0.9760,0.9260
ours_p70,random,0,2,BitTorrent,1.0000,1.0000,1.0000
ours_p70,random,0,3,Gmail,1.0000,1.0000,1.0000
ours_p70,random,0,4,Neris,0.8650,0.8460,0.8554
ours_p70,random,0,5,SMB,1.0000,1.0000,1.0000
ours_p70,random,0,6,Nsis-ay,0.9979,0.9680,0.9827
ours_p70,random,0,7,Cridex,0.9978,0.8940,0.9430
ours_p70,random,0,8,Zeus,0.9920,0.9860,0.9890
ours_p70,random,0,9,Miuref,0.8876,0.8840,0.8858
ours_p70,random,0,10,MySQL,1.0000,1.0000,1.0000
ours_p70,random,0,11,Virut,0.7762,0.7560,0.7660
ours_p70,random,0,12,Weibo,0.9960,1.0000,0.9980
ours_p70,random,0,13,WorldOfWarcraft,1.0000,1.0000,1.0000
ours_p70,random,0,14,Outlook,1.0000,1.0000,1.0000
ours_p70,random,0,15,Facetime,0.9980,1.0000,0.9990
ours_p70,random,0,16,Tinba,1.0000,0.9940,0.9970
ours_p70,random,0,17,FTP,1.0000,1.0000,1.0000
ours_p70,random,0,18,Htbot,0.8241,0.8900,0.8558
ours_p70,random,0,19,Skype,1.0000,1.0000,1.0000
ours_p70,random,25,0,Shifu,0.9960,1.0000,0.9980
ours_p70,random,25,1,Geodo,0.7776,0.7900,0.7837
ours_p70,random,25,2,BitTorrent,1.0000,1.0000,1.0000
ours_p70,random,25,3,Gmail,1.0000,1.0000,1.0000
ours_p70,random,25,4,Neris,0.8347,0.8280,0.8313
ours_p70,random,25,5,SMB,1.0000,1.0000,1.0000
ours_p70,random,25,6,Nsis-ay,0.8907,0.9620,0.9250
ours_p70,random,25,7,Cridex,0.9978,0.8940,0.9430
ours_p70,random,25,8,Zeus,0.7830,0.8660,0.8224
ours_p70,random,25,9,Miuref,0.8727,0.7680,0.8170
ours_p70,random,25,10,MySQL,1.0000,1.0000,1.0000
ours_p70,random,25,11,Virut,0.7396,0.7500,0.7448
ours_p70,random,25,12,Weibo,0.9960,1.0000,0.9980
ours_p70,random,25,13,WorldOfWarcraft,1.0000,1.0000,1.0000
ours_p70,random,25,14,Outlook,1.0000,1.0000,1.0000
ours_p70,random,25,15,Facetime,0.9960,1.0000,0.9980
ours_p70,random,25,16,Tinba,1.0000,0.9940,0.9970
ours_p70,random,25,17,FTP,1.0000,1.0000,1.0000
ours_p70,random,25,18,Htbot,0.8257,0.8340,0.8299
ours_p70,random,25,19,Skype,1.0000,1.0000,1.0000
ours_p70,random,50,0,Shifu,0.9960,1.0000,0.9980
ours_p70,random,50,1,Geodo,0.7683,0.7760,0.7721
ours_p70,random,50,2,BitTorrent,1.0000,1.0000,1.0000
ours_p70,random,50,3,Gmail,1.0000,1.0000,1.0000
ours_p70,random,50,4,Neris,0.8111,0.8160,0.8136
ours_p70,random,50,5,SMB,1.0000,1.0000,1.0000
ours_p70,random,50,6,Nsis-ay,0.8874,0.9460,0.9158
ours_p70,random,50,7,Cridex,0.9978,0.8940,0.9430
ours_p70,random,50,8,Zeus,0.7678,0.8400,0.8023
ours_p70,random,50,9,Miuref,0.8739,0.7620,0.8141
ours_p70,random,50,10,MySQL,1.0000,1.0000,1.0000
ours_p70,random,50,11,Virut,0.7208,0.7280,0.7244
ours_p70,random,50,12,Weibo,0.9960,1.0000,0.9980
ours_p70,random,50,13,WorldOfWarcraft,1.0000,1.0000,1.0000
ours_p70,random,50,14,Outlook,1.0000,1.0000,1.0000
ours_p70,random,50,15,Facetime,0.9980,1.0000,0.9990
ours_p70,random,50,16,Tinba,1.0000,0.9940,0.9970
ours_p70,random,50,17,FTP,1.0000,1.0000,1.0000
ours_p70,random,50,18,Htbot,0.7889,0.8220,0.8051
ours_p70,random,50,19,Skype,1.0000,1.0000,1.0000
ours_p70,random,75,0,Shifu,0.9960,1.0000,0.9980
ours_p70,random,75,1,Geodo,0.7860,0.7640,0.7748
ours_p70,random,75,2,BitTorrent,1.0000,1.0000,1.0000
ours_p70,random,75,3,Gmail,1.0000,1.0000,1.0000
ours_p70,random,75,4,Neris,0.7849,0.8100,0.7972
ours_p70,random,75,5,SMB,1.0000,1.0000,1.0000
ours_p70,random,75,6,Nsis-ay,0.8653,0.9380,0.9002
ours_p70,random,75,7,Cridex,1.0000,0.8940,0.9440
ours_p70,random,75,8,Zeus,0.7527,0.8220,0.7859
ours_p70,random,75,9,Miuref,0.8739,0.7620,0.8141
ours_p70,random,75,10,MySQL,1.0000,1.0000,1.0000
ours_p70,random,75,11,Virut,0.6704,0.7200,0.6943
ours_p70,random,75,12,Weibo,0.9960,1.0000,0.9980
ours_p70,random,75,13,WorldOfWarcraft,1.0000,1.0000,1.0000
ours_p70,random,75,14,Outlook,1.0000,1.0000,1.0000
ours_p70,random,75,15,Facetime,0.9940,1.0000,0.9970
ours_p70,random,75,16,Tinba,1.0000,0.9940,0.9970
ours_p70,random,75,17,FTP,1.0000,1.0000,1.0000
ours_p70,random,75,18,Htbot,0.7407,0.7200,0.7302
ours_p70,random,75,19,Skype,1.0000,1.0000,1.0000
ours_p70,random,100,0,Shifu,0.9960,1.0000,0.9980
ours_p70,random,100,1,Geodo,0.7850,0.7960,0.7905
ours_p70,random,100,2,BitTorrent,1.0000,1.0000,1.0000
ours_p70,random,100,3,Gmail,1.0000,1.0000,1.0000
ours_p70,random,100,4,Neris,0.7811,0.7920,0.7865
ours_p70,random,100,5,SMB,1.0000,1.0000,1.0000
ours_p70,random,100,6,Nsis-ay,0.8642,0.9160,0.8893
ours_p70,random,100,7,Cridex,0.9978,0.8940,0.9430
ours_p70,random,100,8,Zeus,0.7543,0.7920,0.7727
ours_p70,random,100,9,Miuref,0.8759,0.7620,0.8150
ours_p70,random,100,10,MySQL,1.0000,1.0000,1.0000
ours_p70,random,100,11,Virut,0.6081,0.7200,0.6593
ours_p70,random,100,12,Weibo,0.9960,1.0000,0.9980
ours_p70,random,100,13,WorldOfWarcraft,1.0000,1.0000,1.0000
ours_p70,random,100,14,Outlook,1.0000,1.0000,1.0000
ours_p70,random,100,15,Facetime,0.9980,1.0000,0.9990
ours_p70,random,100,16,Tinba,1.0000,0.9940,0.9970
ours_p70,random,100,17,FTP,1.0000,1.0000,1.0000
ours_p70,random,100,18,Htbot,0.7137,0.6480,0.6792
ours_p70,random,100,19,Skype,1.0000,1.0000,1.0000
ours_p70,zero,0,0,Shifu,0.9960,1.0000,0.9980
ours_p70,zero,0,1,Geodo,0.8809,0.9760,0.9260
ours_p70,zero,0,2,BitTorrent,1.0000,1.0000,1.0000
ours_p70,zero,0,3,Gmail,1.0000,1.0000,1.0000
ours_p70,zero,0,4,Neris,0.8650,0.8460,0.8554
ours_p70,zero,0,5,SMB,1.0000,1.0000,1.0000
ours_p70,zero,0,6,Nsis-ay,0.9979,0.9680,0.9827
ours_p70,zero,0,7,Cridex,0.9978,0.8940,0.9430
ours_p70,zero,0,8,Zeus,0.9920,0.9860,0.9890
ours_p70,zero,0,9,Miuref,0.8876,0.8840,0.8858
ours_p70,zero,0,10,MySQL,1.0000,1.0000,1.0000
ours_p70,zero,0,11,Virut,0.7762,0.7560,0.7660
ours_p70,zero,0,12,Weibo,0.9960,1.0000,0.9980
ours_p70,zero,0,13,WorldOfWarcraft,1.0000,1.0000,1.0000
ours_p70,zero,0,14,Outlook,1.0000,1.0000,1.0000
ours_p70,zero,0,15,Facetime,0.9980,1.0000,0.9990
ours_p70,zero,0,16,Tinba,1.0000,0.9940,0.9970
ours_p70,zero,0,17,FTP,1.0000,1.0000,1.0000
ours_p70,zero,0,18,Htbot,0.8241,0.8900,0.8558
ours_p70,zero,0,19,Skype,1.0000,1.0000,1.0000
ours_p70,zero,25,0,Shifu,0.9960,1.0000,0.9980
ours_p70,zero,25,1,Geodo,0.6768,0.9760,0.7993
ours_p70,zero,25,2,BitTorrent,1.0000,1.0000,1.0000
ours_p70,zero,25,3,Gmail,1.0000,1.0000,1.0000
ours_p70,zero,25,4,Neris,0.8441,0.8340,0.8390
ours_p70,zero,25,5,SMB,1.0000,1.0000,1.0000
ours_p70,zero,25,6,Nsis-ay,0.9897,0.9640,0.9767
ours_p70,zero,25,7,Cridex,1.0000,0.8940,0.9440
ours_p70,zero,25,8,Zeus,0.9851,0.7960,0.8805
ours_p70,zero,25,9,Miuref,0.8759,0.7620,0.8150
ours_p70,zero,25,10,MySQL,1.0000,1.0000,1.0000
ours_p70,zero,25,11,Virut,0.7442,0.7740,0.7588
ours_p70,zero,25,12,Weibo,0.9960,1.0000,0.9980
ours_p70,zero,25,13,WorldOfWarcraft,1.0000,1.0000,1.0000
ours_p70,zero,25,14,Outlook,1.0000,1.0000,1.0000
ours_p70,zero,25,15,Facetime,0.9980,1.0000,0.9990
ours_p70,zero,25,16,Tinba,1.0000,0.9940,0.9970
ours_p70,zero,25,17,FTP,1.0000,1.0000,1.0000
ours_p70,zero,25,18,Htbot,0.8429,0.8260,0.8343
ours_p70,zero,25,19,Skype,1.0000,1.0000,1.0000
ours_p70,zero,50,0,Shifu,0.9960,1.0000,0.9980
ours_p70,zero,50,1,Geodo,0.6759,0.9720,0.7974
ours_p70,zero,50,2,BitTorrent,1.0000,1.0000,1.0000
ours_p70,zero,50,3,Gmail,1.0000,1.0000,1.0000
ours_p70,zero,50,4,Neris,0.8105,0.8300,0.8202
ours_p70,zero,50,5,SMB,1.0000,1.0000,1.0000
ours_p70,zero,50,6,Nsis-ay,0.9793,0.9440,0.9613
ours_p70,zero,50,7,Cridex,1.0000,0.8940,0.9440
ours_p70,zero,50,8,Zeus,0.9899,0.7840,0.8750
ours_p70,zero,50,9,Miuref,0.8739,0.7620,0.8141
ours_p70,zero,50,10,MySQL,1.0000,1.0000,1.0000
ours_p70,zero,50,11,Virut,0.7143,0.7600,0.7364
ours_p70,zero,50,12,Weibo,0.9960,1.0000,0.9980
ours_p70,zero,50,13,WorldOfWarcraft,1.0000,1.0000,1.0000
ours_p70,zero,50,14,Outlook,1.0000,1.0000,1.0000
ours_p70,zero,50,15,Facetime,0.9960,1.0000,0.9980
ours_p70,zero,50,16,Tinba,1.0000,0.9940,0.9970
ours_p70,zero,50,17,FTP,1.0000,1.0000,1.0000
ours_p70,zero,50,18,Htbot,0.8330,0.7880,0.8099
ours_p70,zero,50,19,Skype,1.0000,1.0000,1.0000
ours_p70,zero,75,0,Shifu,0.9960,1.0000,0.9980
ours_p70,zero,75,1,Geodo,0.6788,0.9720,0.7993
ours_p70,zero,75,2,BitTorrent,1.0000,1.0000,1.0000
ours_p70,zero,75,3,Gmail,1.0000,1.0000,1.0000
ours_p70,zero,75,4,Neris,0.7875,0.8080,0.7976
ours_p70,zero,75,5,SMB,1.0000,1.0000,1.0000
ours_p70,zero,75,6,Nsis-ay,0.9532,0.9360,0.9445
ours_p70,zero,75,7,Cridex,1.0000,0.8940,0.9440
ours_p70,zero,75,8,Zeus,0.9872,0.7700,0.8652
ours_p70,zero,75,9,Miuref,0.8759,0.7620,0.8150
ours_p70,zero,75,10,MySQL,1.0000,1.0000,1.0000
ours_p70,zero,75,11,Virut,0.6615,0.7700,0.7116
ours_p70,zero,75,12,Weibo,0.9960,1.0000,0.9980
ours_p70,zero,75,13,WorldOfWarcraft,1.0000,1.0000,1.0000
ours_p70,zero,75,14,Outlook,1.0000,1.0000,1.0000
ours_p70,zero,75,15,Facetime,0.9940,1.0000,0.9970
ours_p70,zero,75,16,Tinba,1.0000,0.9940,0.9970
ours_p70,zero,75,17,FTP,1.0000,1.0000,1.0000
ours_p70,zero,75,18,Htbot,0.8081,0.6820,0.7397
ours_p70,zero,75,19,Skype,1.0000,1.0000,1.0000
ours_p70,zero,100,0,Shifu,0.9960,1.0000,0.9980
ours_p70,zero,100,1,Geodo,0.6788,0.9720,0.7993
ours_p70,zero,100,2,BitTorrent,1.0000,1.0000,1.0000
ours_p70,zero,100,3,Gmail,1.0000,1.0000,1.0000
ours_p70,zero,100,4,Neris,0.7710,0.7880,0.7794
ours_p70,zero,100,5,SMB,1.0000,1.0000,1.0000
ours_p70,zero,100,6,Nsis-ay,0.9389,0.9220,0.9304
ours_p70,zero,100,7,Cridex,1.0000,0.8940,0.9440
ours_p70,zero,100,8,Zeus,0.9837,0.7240,0.8341
ours_p70,zero,100,9,Miuref,0.8739,0.7620,0.8141
ours_p70,zero,100,10,MySQL,1.0000,1.0000,1.0000
ours_p70,zero,100,11,Virut,0.6022,0.7780,0.6789
ours_p70,zero,100,12,Weibo,0.9960,1.0000,0.9980
ours_p70,zero,100,13,WorldOfWarcraft,1.0000,1.0000,1.0000
ours_p70,zero,100,14,Outlook,1.0000,1.0000,1.0000
ours_p70,zero,100,15,Facetime,0.9980,1.0000,0.9990
ours_p70,zero,100,16,Tinba,1.0000,0.9940,0.9970
ours_p70,zero,100,17,FTP,1.0000,1.0000,1.0000
ours_p70,zero,100,18,Htbot,0.7572,0.5800,0.6569
ours_p70,zero,100,19,Skype,1.0000,1.0000,1.0000
normalize_p70,mask,0,0,Shifu,0.9960,1.0000,0.9980
normalize_p70,mask,0,1,Geodo,0.8838,0.9740,0.9267
normalize_p70,mask,0,2,BitTorrent,1.0000,1.0000,1.0000
normalize_p70,mask,0,3,Gmail,1.0000,1.0000,1.0000
normalize_p70,mask,0,4,Neris,0.9157,0.8040,0.8562
normalize_p70,mask,0,5,SMB,1.0000,1.0000,1.0000
normalize_p70,mask,0,6,Nsis-ay,0.9918,0.9620,0.9766
normalize_p70,mask,0,7,Cridex,0.9978,0.8940,0.9430
normalize_p70,mask,0,8,Zeus,0.9980,0.9840,0.9909
normalize_p70,mask,0,9,Miuref,0.8876,0.8840,0.8858
normalize_p70,mask,0,10,MySQL,1.0000,1.0000,1.0000
normalize_p70,mask,0,11,Virut,0.7482,0.8200,0.7824
normalize_p70,mask,0,12,Weibo,1.0000,1.0000,1.0000
normalize_p70,mask,0,13,WorldOfWarcraft,1.0000,1.0000,1.0000
normalize_p70,mask,0,14,Outlook,1.0000,1.0000,1.0000
normalize_p70,mask,0,15,Facetime,1.0000,1.0000,1.0000
normalize_p70,mask,0,16,Tinba,0.9980,0.9940,0.9960
normalize_p70,mask,0,17,FTP,1.0000,1.0000,1.0000
normalize_p70,mask,0,18,Htbot,0.8346,0.8980,0.8651
normalize_p70,mask,0,19,Skype,1.0000,1.0000,1.0000
normalize_p70,mask,25,0,Shifu,0.9960,1.0000,0.9980
normalize_p70,mask,25,1,Geodo,0.9869,0.6040,0.7494
normalize_p70,mask,25,2,BitTorrent,1.0000,1.0000,1.0000
normalize_p70,mask,25,3,Gmail,1.0000,1.0000,1.0000
normalize_p70,mask,25,4,Neris,0.8766,0.6960,0.7759
normalize_p70,mask,25,5,SMB,1.0000,0.9980,0.9990
normalize_p70,mask,25,6,Nsis-ay,0.9525,0.8420,0.8938
normalize_p70,mask,25,7,Cridex,0.9978,0.8900,0.9408
normalize_p70,mask,25,8,Zeus,0.5545,0.7940,0.6530
normalize_p70,mask,25,9,Miuref,0.8762,0.7500,0.8082
normalize_p70,mask,25,10,MySQL,0.9921,1.0000,0.9960
normalize_p70,mask,25,11,Virut,0.6038,0.7620,0.6737
normalize_p70,mask,25,12,Weibo,1.0000,1.0000,1.0000
normalize_p70,mask,25,13,WorldOfWarcraft,0.9980,1.0000,0.9990
normalize_p70,mask,25,14,Outlook,0.9980,1.0000,0.9990
normalize_p70,mask,25,15,Facetime,1.0000,0.9700,0.9848
normalize_p70,mask,25,16,Tinba,0.9980,0.9940,0.9960
normalize_p70,mask,25,17,FTP,1.0000,0.9940,0.9970
normalize_p70,mask,25,18,Htbot,0.6182,0.8000,0.6975
normalize_p70,mask,25,19,Skype,1.0000,1.0000,1.0000
normalize_p70,mask,50,0,Shifu,0.9980,0.9960,0.9970
normalize_p70,mask,50,1,Geodo,0.9966,0.5780,0.7316
normalize_p70,mask,50,2,BitTorrent,0.9976,0.8180,0.8989
normalize_p70,mask,50,3,Gmail,1.0000,0.9760,0.9879
normalize_p70,mask,50,4,Neris,0.7818,0.6880,0.7319
normalize_p70,mask,50,5,SMB,0.9043,0.9260,0.9150
normalize_p70,mask,50,6,Nsis-ay,0.8301,0.5080,0.6303
normalize_p70,mask,50,7,Cridex,0.9770,0.5940,0.7388
normalize_p70,mask,50,8,Zeus,0.5354,0.7560,0.6269
normalize_p70,mask,50,9,Miuref,0.7451,0.6840,0.7132
normalize_p70,mask,50,10,MySQL,0.9881,0.9960,0.9920
normalize_p70,mask,50,11,Virut,0.4681,0.7040,0.5623
normalize_p70,mask,50,12,Weibo,0.9648,0.9860,0.9753
normalize_p70,mask,50,13,WorldOfWarcraft,0.8726,1.0000,0.9320
normalize_p70,mask,50,14,Outlook,0.9902,0.8060,0.8886
normalize_p70,mask,50,15,Facetime,1.0000,0.9900,0.9950
normalize_p70,mask,50,16,Tinba,0.9980,0.9920,0.9950
normalize_p70,mask,50,17,FTP,0.9979,0.9620,0.9796
normalize_p70,mask,50,18,Htbot,0.4335,0.7500,0.5495
normalize_p70,mask,50,19,Skype,1.0000,1.0000,1.0000
normalize_p70,mask,75,0,Shifu,0.9138,0.9960,0.9531
normalize_p70,mask,75,1,Geodo,0.9525,0.5620,0.7069
normalize_p70,mask,75,2,BitTorrent,1.0000,0.5140,0.6790
normalize_p70,mask,75,3,Gmail,1.0000,0.8200,0.9011
normalize_p70,mask,75,4,Neris,0.4808,0.6260,0.5439
normalize_p70,mask,75,5,SMB,0.9862,0.8580,0.9176
normalize_p70,mask,75,6,Nsis-ay,0.7424,0.6340,0.6839
normalize_p70,mask,75,7,Cridex,1.0000,0.5340,0.6962
normalize_p70,mask,75,8,Zeus,0.5192,0.8100,0.6328
normalize_p70,mask,75,9,Miuref,0.9035,0.6180,0.7340
normalize_p70,mask,75,10,MySQL,0.9935,0.9200,0.9553
normalize_p70,mask,75,11,Virut,0.4265,0.6500,0.5151
normalize_p70,mask,75,12,Weibo,0.8526,0.9600,0.9031
normalize_p70,mask,75,13,WorldOfWarcraft,0.9033,0.9720,0.9364
normalize_p70,mask,75,14,Outlook,0.8459,0.9000,0.8721
normalize_p70,mask,75,15,Facetime,1.0000,0.4760,0.6450
normalize_p70,mask,75,16,Tinba,0.9960,0.9920,0.9940
normalize_p70,mask,75,17,FTP,0.9954,0.8740,0.9308
normalize_p70,mask,75,18,Htbot,0.3124,0.6660,0.4253
normalize_p70,mask,75,19,Skype,0.9898,0.9740,0.9819
normalize_p70,mask,100,0,Shifu,0.9980,1.0000,0.9990
normalize_p70,mask,100,1,Geodo,0.9711,0.6040,0.7448
normalize_p70,mask,100,2,BitTorrent,0.9980,0.9980,0.9980
normalize_p70,mask,100,3,Gmail,1.0000,0.9100,0.9529
normalize_p70,mask,100,4,Neris,0.8022,0.7460,0.7731
normalize_p70,mask,100,5,SMB,0.9452,1.0000,0.9718
normalize_p70,mask,100,6,Nsis-ay,0.9525,0.8420,0.8938
normalize_p70,mask,100,7,Cridex,1.0000,0.5180,0.6825
normalize_p70,mask,100,8,Zeus,0.5518,0.8100,0.6564
normalize_p70,mask,100,9,Miuref,0.8744,0.7240,0.7921
normalize_p70,mask,100,10,MySQL,1.0000,0.9360,0.9669
normalize_p70,mask,100,11,Virut,0.4250,0.7140,0.5328
normalize_p70,mask,100,12,Weibo,0.9398,1.0000,0.9690
normalize_p70,mask,100,13,WorldOfWarcraft,0.8913,1.0000,0.9425
normalize_p70,mask,100,14,Outlook,1.0000,0.9980,0.9990
normalize_p70,mask,100,15,Facetime,1.0000,0.9860,0.9930
normalize_p70,mask,100,16,Tinba,0.9980,0.9900,0.9940
normalize_p70,mask,100,17,FTP,1.0000,0.9400,0.9691
normalize_p70,mask,100,18,Htbot,0.5777,0.6320,0.6036
normalize_p70,mask,100,19,Skype,0.9979,0.9660,0.9817
normalize_p70,random,0,0,Shifu,0.9960,1.0000,0.9980
normalize_p70,random,0,1,Geodo,0.8838,0.9740,0.9267
normalize_p70,random,0,2,BitTorrent,1.0000,1.0000,1.0000
normalize_p70,random,0,3,Gmail,1.0000,1.0000,1.0000
normalize_p70,random,0,4,Neris,0.9157,0.8040,0.8562
normalize_p70,random,0,5,SMB,1.0000,1.0000,1.0000
normalize_p70,random,0,6,Nsis-ay,0.9918,0.9620,0.9766
normalize_p70,random,0,7,Cridex,0.9978,0.8940,0.9430
normalize_p70,random,0,8,Zeus,0.9980,0.9840,0.9909
normalize_p70,random,0,9,Miuref,0.8876,0.8840,0.8858
normalize_p70,random,0,10,MySQL,1.0000,1.0000,1.0000
normalize_p70,random,0,11,Virut,0.7482,0.8200,0.7824
normalize_p70,random,0,12,Weibo,1.0000,1.0000,1.0000
normalize_p70,random,0,13,WorldOfWarcraft,1.0000,1.0000,1.0000
normalize_p70,random,0,14,Outlook,1.0000,1.0000,1.0000
normalize_p70,random,0,15,Facetime,1.0000,1.0000,1.0000
normalize_p70,random,0,16,Tinba,0.9980,0.9940,0.9960
normalize_p70,random,0,17,FTP,1.0000,1.0000,1.0000
normalize_p70,random,0,18,Htbot,0.8346,0.8980,0.8651
normalize_p70,random,0,19,Skype,1.0000,1.0000,1.0000
normalize_p70,random,25,0,Shifu,0.9980,1.0000,0.9990
normalize_p70,random,25,1,Geodo,0.9024,0.6840,0.7782
normalize_p70,random,25,2,BitTorrent,1.0000,1.0000,1.0000
normalize_p70,random,25,3,Gmail,1.0000,1.0000,1.0000
normalize_p70,random,25,4,Neris,0.9108,0.7960,0.8495
normalize_p70,random,25,5,SMB,1.0000,1.0000,1.0000
normalize_p70,random,25,6,Nsis-ay,0.9106,0.9580,0.9337
normalize_p70,random,25,7,Cridex,1.0000,0.8940,0.9440
normalize_p70,random,25,8,Zeus,0.7037,0.9120,0.7944
normalize_p70,random,25,9,Miuref,0.8724,0.7660,0.8158
normalize_p70,random,25,10,MySQL,1.0000,1.0000,1.0000
normalize_p70,random,25,11,Virut,0.7113,0.8080,0.7566
normalize_p70,random,25,12,Weibo,1.0000,1.0000,1.0000
normalize_p70,random,25,13,WorldOfWarcraft,1.0000,1.0000,1.0000
normalize_p70,random,25,14,Outlook,1.0000,1.0000,1.0000
normalize_p70,random,25,15,Facetime,1.0000,1.0000,1.0000
normalize_p70,random,25,16,Tinba,0.9980,0.9940,0.9960
normalize_p70,random,25,17,FTP,1.0000,1.0000,1.0000
normalize_p70,random,25,18,Htbot,0.7702,0.8580,0.8117
normalize_p70,random,25,19,Skype,1.0000,1.0000,1.0000
normalize_p70,random,50,0,Shifu,0.9960,1.0000,0.9980
normalize_p70,random,50,1,Geodo,0.8874,0.6780,0.7687
normalize_p70,random,50,2,BitTorrent,1.0000,1.0000,1.0000
normalize_p70,random,50,3,Gmail,1.0000,1.0000,1.0000
normalize_p70,random,50,4,Neris,0.8764,0.7800,0.8254
normalize_p70,random,50,5,SMB,0.9980,1.0000,0.9990
normalize_p70,random,50,6,Nsis-ay,0.8969,0.9400,0.9180
normalize_p70,random,50,7,Cridex,1.0000,0.8940,0.9440
normalize_p70,random,50,8,Zeus,0.7021,0.8860,0.7834
normalize_p70,random,50,9,Miuref,0.8679,0.7620,0.8115
normalize_p70,random,50,10,MySQL,1.0000,1.0000,1.0000
normalize_p70,random,50,11,Virut,0.6694,0.8060,0.7314
normalize_p70,random,50,12,Weibo,1.0000,1.0000,1.0000
normalize_p70,random,50,13,WorldOfWarcraft,1.0000,1.0000,1.0000
normalize_p70,random,50,14,Outlook,1.0000,1.0000,1.0000
normalize_p70,random,50,15,Facetime,0.9980,1.0000,0.9990
normalize_p70,random,50,16,Tinba,0.9980,0.9940,0.9960
normalize_p70,random,50,17,FTP,0.9980,1.0000,0.9990
normalize_p70,random,50,18,Htbot,0.7761,0.8180,0.7965
normalize_p70,random,50,19,Skype,1.0000,1.0000,1.0000
normalize_p70,random,75,0,Shifu,0.9960,1.0000,0.9980
normalize_p70,random,75,1,Geodo,0.9208,0.6740,0.7783
normalize_p70,random,75,2,BitTorrent,1.0000,1.0000,1.0000
normalize_p70,random,75,3,Gmail,1.0000,1.0000,1.0000
normalize_p70,random,75,4,Neris,0.8758,0.7760,0.8229
normalize_p70,random,75,5,SMB,1.0000,1.0000,1.0000
normalize_p70,random,75,6,Nsis-ay,0.8414,0.9440,0.8897
normalize_p70,random,75,7,Cridex,1.0000,0.8940,0.9440
normalize_p70,random,75,8,Zeus,0.6912,0.8460,0.7608
normalize_p70,random,75,9,Miuref,0.8699,0.7620,0.8124
normalize_p70,random,75,10,MySQL,1.0000,1.0000,1.0000
normalize_p70,random,75,11,Virut,0.6191,0.7640,0.6840
normalize_p70,random,75,12,Weibo,1.0000,1.0000,1.0000
normalize_p70,random,75,13,WorldOfWarcraft,1.0000,1.0000,1.0000
normalize_p70,random,75,14,Outlook,1.0000,1.0000,1.0000
normalize_p70,random,75,15,Facetime,0.9980,1.0000,0.9990
normalize_p70,random,75,16,Tinba,0.9980,0.9940,0.9960
normalize_p70,random,75,17,FTP,1.0000,1.0000,1.0000
normalize_p70,random,75,18,Htbot,0.7184,0.7400,0.7291
normalize_p70,random,75,19,Skype,1.0000,1.0000,1.0000
normalize_p70,random,100,0,Shifu,0.9960,1.0000,0.9980
normalize_p70,random,100,1,Geodo,0.9044,0.6620,0.7644
normalize_p70,random,100,2,BitTorrent,1.0000,1.0000,1.0000
normalize_p70,random,100,3,Gmail,1.0000,1.0000,1.0000
normalize_p70,random,100,4,Neris,0.8630,0.7560,0.8060
normalize_p70,random,100,5,SMB,1.0000,1.0000,1.0000
normalize_p70,random,100,6,Nsis-ay,0.8414,0.9340,0.8853
normalize_p70,random,100,7,Cridex,1.0000,0.8940,0.9440
normalize_p70,random,100,8,Zeus,0.6869,0.8160,0.7459
normalize_p70,random,100,9,Miuref,0.8682,0.7640,0.8128
normalize_p70,random,100,10,MySQL,1.0000,1.0000,1.0000
normalize_p70,random,100,11,Virut,0.5463,0.7320,0.6256
normalize_p70,random,100,12,Weibo,1.0000,1.0000,1.0000
normalize_p70,random,100,13,WorldOfWarcraft,1.0000,1.0000,1.0000
normalize_p70,random,100,14,Outlook,1.0000,1.0000,1.0000
normalize_p70,random,100,15,Facetime,0.9960,1.0000,0.9980
normalize_p70,random,100,16,Tinba,0.9980,0.9940,0.9960
normalize_p70,random,100,17,FTP,1.0000,1.0000,1.0000
normalize_p70,random,100,18,Htbot,0.6701,0.6540,0.6619
normalize_p70,random,100,19,Skype,1.0000,1.0000,1.0000
normalize_p70,zero,0,0,Shifu,0.9960,1.0000,0.9980
normalize_p70,zero,0,1,Geodo,0.8838,0.9740,0.9267
normalize_p70,zero,0,2,BitTorrent,1.0000,1.0000,1.0000
normalize_p70,zero,0,3,Gmail,1.0000,1.0000,1.0000
normalize_p70,zero,0,4,Neris,0.9157,0.8040,0.8562
normalize_p70,zero,0,5,SMB,1.0000,1.0000,1.0000
normalize_p70,zero,0,6,Nsis-ay,0.9918,0.9620,0.9766
normalize_p70,zero,0,7,Cridex,0.9978,0.8940,0.9430
normalize_p70,zero,0,8,Zeus,0.9980,0.9840,0.9909
normalize_p70,zero,0,9,Miuref,0.8876,0.8840,0.8858
normalize_p70,zero,0,10,MySQL,1.0000,1.0000,1.0000
normalize_p70,zero,0,11,Virut,0.7482,0.8200,0.7824
normalize_p70,zero,0,12,Weibo,1.0000,1.0000,1.0000
normalize_p70,zero,0,13,WorldOfWarcraft,1.0000,1.0000,1.0000
normalize_p70,zero,0,14,Outlook,1.0000,1.0000,1.0000
normalize_p70,zero,0,15,Facetime,1.0000,1.0000,1.0000
normalize_p70,zero,0,16,Tinba,0.9980,0.9940,0.9960
normalize_p70,zero,0,17,FTP,1.0000,1.0000,1.0000
normalize_p70,zero,0,18,Htbot,0.8346,0.8980,0.8651
normalize_p70,zero,0,19,Skype,1.0000,1.0000,1.0000
normalize_p70,zero,25,0,Shifu,0.9960,1.0000,0.9980
normalize_p70,zero,25,1,Geodo,0.6787,0.9760,0.8007
normalize_p70,zero,25,2,BitTorrent,1.0000,1.0000,1.0000
normalize_p70,zero,25,3,Gmail,1.0000,1.0000,1.0000
normalize_p70,zero,25,4,Neris,0.9114,0.8020,0.8532
normalize_p70,zero,25,5,SMB,1.0000,1.0000,1.0000
normalize_p70,zero,25,6,Nsis-ay,0.9938,0.9560,0.9745
normalize_p70,zero,25,7,Cridex,1.0000,0.8940,0.9440
normalize_p70,zero,25,8,Zeus,0.9975,0.7940,0.8842
normalize_p70,zero,25,9,Miuref,0.8759,0.7620,0.8150
normalize_p70,zero,25,10,MySQL,1.0000,1.0000,1.0000
normalize_p70,zero,25,11,Virut,0.7307,0.8140,0.7701
normalize_p70,zero,25,12,Weibo,1.0000,1.0000,1.0000
normalize_p70,zero,25,13,WorldOfWarcraft,1.0000,1.0000,1.0000
normalize_p70,zero,25,14,Outlook,1.0000,1.0000,1.0000
normalize_p70,zero,25,15,Facetime,1.0000,1.0000,1.0000
normalize_p70,zero,25,16,Tinba,1.0000,0.9940,0.9970
normalize_p70,zero,25,17,FTP,1.0000,1.0000,1.0000
normalize_p70,zero,25,18,Htbot,0.8168,0.8560,0.8359
normalize_p70,zero,25,19,Skype,1.0000,1.0000,1.0000
normalize_p70,zero,50,0,Shifu,0.9960,1.0000,0.9980
normalize_p70,zero,50,1,Geodo,0.6792,0.9740,0.8003
normalize_p70,zero,50,2,BitTorrent,1.0000,1.0000,1.0000
normalize_p70,zero,50,3,Gmail,1.0000,1.0000,1.0000
normalize_p70,zero,50,4,Neris,0.8955,0.7880,0.8383
normalize_p70,zero,50,5,SMB,1.0000,1.0000,1.0000
normalize_p70,zero,50,6,Nsis-ay,0.9896,0.9480,0.9683
normalize_p70,zero,50,7,Cridex,1.0000,0.8940,0.9440
normalize_p70,zero,50,8,Zeus,0.9949,0.7800,0.8744
normalize_p70,zero,50,9,Miuref,0.8759,0.7620,0.8150
normalize_p70,zero,50,10,MySQL,1.0000,1.0000,1.0000
normalize_p70,zero,50,11,Virut,0.7058,0.8060,0.7526
normalize_p70,zero,50,12,Weibo,1.0000,1.0000,1.0000
normalize_p70,zero,50,13,WorldOfWarcraft,1.0000,1.0000,1.0000
normalize_p70,zero,50,14,Outlook,1.0000,1.0000,1.0000
normalize_p70,zero,50,15,Facetime,1.0000,1.0000,1.0000
normalize_p70,zero,50,16,Tinba,0.9980,0.9940,0.9960
normalize_p70,zero,50,17,FTP,1.0000,1.0000,1.0000
normalize_p70,zero,50,18,Htbot,0.8131,0.8440,0.8283
normalize_p70,zero,50,19,Skype,1.0000,1.0000,1.0000
normalize_p70,zero,75,0,Shifu,0.9980,1.0000,0.9990
normalize_p70,zero,75,1,Geodo,0.6797,0.9760,0.8013
normalize_p70,zero,75,2,BitTorrent,1.0000,1.0000,1.0000
normalize_p70,zero,75,3,Gmail,1.0000,1.0000,1.0000
normalize_p70,zero,75,4,Neris,0.9009,0.7820,0.8373
normalize_p70,zero,75,5,SMB,1.0000,1.0000,1.0000
normalize_p70,zero,75,6,Nsis-ay,0.9874,0.9400,0.9631
normalize_p70,zero,75,7,Cridex,1.0000,0.8940,0.9440
normalize_p70,zero,75,8,Zeus,0.9947,0.7540,0.8578
normalize_p70,zero,75,9,Miuref,0.8759,0.7620,0.8150
normalize_p70,zero,75,10,MySQL,1.0000,1.0000,1.0000
normalize_p70,zero,75,11,Virut,0.6777,0.7780,0.7244
normalize_p70,zero,75,12,Weibo,1.0000,1.0000,1.0000
normalize_p70,zero,75,13,WorldOfWarcraft,1.0000,1.0000,1.0000
normalize_p70,zero,75,14,Outlook,1.0000,1.0000,1.0000
normalize_p70,zero,75,15,Facetime,0.9980,1.0000,0.9990
normalize_p70,zero,75,16,Tinba,1.0000,0.9940,0.9970
normalize_p70,zero,75,17,FTP,1.0000,1.0000,1.0000
normalize_p70,zero,75,18,Htbot,0.7472,0.8040,0.7746
normalize_p70,zero,75,19,Skype,1.0000,1.0000,1.0000
normalize_p70,zero,100,0,Shifu,0.9980,1.0000,0.9990
normalize_p70,zero,100,1,Geodo,0.6788,0.9720,0.7993
normalize_p70,zero,100,2,BitTorrent,1.0000,1.0000,1.0000
normalize_p70,zero,100,3,Gmail,1.0000,1.0000,1.0000
normalize_p70,zero,100,4,Neris,0.8719,0.7620,0.8132
normalize_p70,zero,100,5,SMB,1.0000,1.0000,1.0000
normalize_p70,zero,100,6,Nsis-ay,0.9872,0.9280,0.9567
normalize_p70,zero,100,7,Cridex,1.0000,0.8940,0.9440
normalize_p70,zero,100,8,Zeus,0.9592,0.7060,0.8134
normalize_p70,zero,100,9,Miuref,0.8779,0.7620,0.8158
normalize_p70,zero,100,10,MySQL,1.0000,1.0000,1.0000
normalize_p70,zero,100,11,Virut,0.6434,0.6460,0.6447
normalize_p70,zero,100,12,Weibo,1.0000,1.0000,1.0000
normalize_p70,zero,100,13,WorldOfWarcraft,1.0000,1.0000,1.0000
normalize_p70,zero,100,14,Outlook,1.0000,1.0000,1.0000
normalize_p70,zero,100,15,Facetime,0.9980,1.0000,0.9990
normalize_p70,zero,100,16,Tinba,0.9980,0.9940,0.9960
normalize_p70,zero,100,17,FTP,1.0000,1.0000,1.0000
normalize_p70,zero,100,18,Htbot,0.6262,0.7840,0.6963
normalize_p70,zero,100,19,Skype,1.0000,1.0000,1.0000
